Project,Fork,Star,ISSUE ID,STATUS,Severity,Create Time,Fix Time,Commit ID,Description,Discuss Information,Classification,Severity_Level
OSWorld,442,2796,487,open,,2026-04-11T13:34:40Z,,,"### Summary  Two tasks evaluated by `check_python_file_by_test_suite` (`desktop_env/evaluators/metrics/vscode.py`) produce non-deterministic scores because the downloaded `test_suite.py` files depend on **uninitialized global Python `random` state**. The same submitted code can receive different scores across runs, even when no agent activity has modified the source files. This affects benchmark reproducibility for the `multi_apps` subset.  ### Reproduction  Task: `evaluation_examples/examples/multi_apps/9219480b-3aed-47fc-8bac-d2cffc5849f7.json` (the ""fix tetris rotate crash"" task).  The downloaded `test_suite.py` calls:  ```python def test():     game = Tetris(BOARD_HEIGHT, BOARD_WIDTH)        # __init__: random.choice(shapes)     game.new_block()                                # random.choice(shapes) again     while game.block.x > 0: game.move(-1, 0)     game.rotate()     if game.intersect(): return False     while game.block.x + len(game.block.shape[0]) < game.width:         game.move(1, 0)     game.rotate()     if game.intersect(): return False     return True ```  The first random shape determines the entire test outcome. With the **original buggy `tetris.py` (no fix applied, no agent activity)**, calling `check_python_file_by_test_suite` 30 times produces:  ``` [False, False, False, True, False, True, False, True, False, True,  True,  False, True,  True,  False, False, False, False, False, False,  False, False, False, True,  False, False, True,  False, True,  False] True: 10 / 30   (~33%) ```  A second independent verification (60 calls, fresh process) yielded `28 True / 32 False` (~47%). Both are consistent with the expected ~3/7 = 42.9% pass rate from the per-shape table below.  ### Per-shape determinism check  Forcing each tetromino as the first block (bypassing the random draw) gives a stable answer per shape on the buggy code, vs. on the same code with the standard ""revert rotation on intersect"" fix applied to `Tetris.rotate()`:  | Shape | Buggy | Fixed | |---|---|---| | **I** | False | True | | J | True | True | | L | True | True | | O | True | True | | **S** | False | True | | **T** | False | True | | **Z** | False | True |  So 3/7 tetrominoes silently award a passing score to broken code, and the test only ever evaluates **one** randomly chosen shape per run. The remaining 4/7 correctly fail on the buggy code and pass on the fixed code.  ### Cache files are not being mutated  Verified that `test_suite.py`, `tetris.py`, `block.py`, `settings.py`, and `main.py` under `cache/9219480b-.../` are byte-identical (md5sum) before and after batches of 100+ evaluator invocations. The flakiness lives entirely inside the unseeded `random` calls in the test fixture, not in any external state.  ### Root cause  `check_python_file_by_test_suite` (`desktop_env/evaluators/metrics/vscode.py:260`) imports the test module via `importlib`, but never seeds the Python `random` module. When the loaded test code subsequently calls `random.choice` / `random.randint`, the result depends on global process state (a time-based default seed), so the score varies between worker processes and across runs.  A grep for `random.seed` / `np.random.seed` across the entire repo returns **zero matches**. There is also no multi-run / averaging mechanism in `lib_run_single.py` — every `run_single_example_*` calls `env.evaluate()` exactly once and writes that single value to `result.txt`, so a single noisy evaluation directly determines the reported score.  ### Affected samples  Tasks currently using `check_python_file_by_test_suite`:  1. **`multi_apps/9219480b-3aed-47fc-8bac-d2cffc5849f7`** (tetris rotate fix) — **confirmed flaky**, ~33–47% false-positive rate on unfixed code (per the 30-run and 60-run reproductions above).  2. **`multi_apps/26150609-0da3-4a7d-8868-0faf9c5f01bb`** (snake fix) — **same risk pattern**: `food.py` initializes food via `random.randint`, and `test_suite.py` instantiates `Food()` without seeding. The current buggy version happens to return `False` deterministically (the bug prevents the snake from ever reaching the food, masking the randomness), but **any partial fix would re-expose the same non-determinism** because the test still depends on the random spawn position.  3. The Windows variant `evaluation_examples/examples_windows/multi_app/26150609-0da3-4a7d-8868-0faf9c5f01bb.json` uses the same evaluator and likely has the same issue.  These are the only three tasks in `evaluation_examples/` whose `evaluator.func` is `check_python_file_by_test_suite`. More broadly, **any future task** whose `test_suite.py` imports user-supplied code that uses unseeded RNG will hit the same bug.  ### Proposed fix  The cleanest fix is **at the source**: update the affected `test.py` files in the `xlangai/ubuntu_osworld_file_cache` Hugging Face dataset so they no longer depend on global `random` state. Two minimal options:  1. **Seed locally in `test()`** — add `random.seed(0)` at the top of `test()` in each affected `test.py`. Zero-cost, fully deterministic. 2. **Enumerate inputs deterministically** — for tetris, iterate the test over all 7 tetrominoes (constructing each `Block(shapes[i])` directly instead of going through `random.choice`) and require all 7 to pass; for snake, fix the food position via a constructor argument or a `random.seed` call. This additionally enables partial-credit scoring (e.g. `passed / 7` for tetris) which would distinguish fully-fixed from partially-fixed submissions.  Option 2 is preferable for tetris because it converts the test from ""random sampling"" to ""exhaustive coverage"", which is what the test seems to have intended.  Happy to send a community PR to the Hugging Face dataset with either variant if maintainers agree on the approach.  ### Environment  - Provider: docker - Python: 3.12 ",,A(risk),Medium
OSWorld,442,2796,479,open,,2026-04-08T12:30:39Z,,,## Summary - propagate GPT-5.4 infeasible responses into an explicit `FAIL` step in the runner - surface the agent's infeasible flag so infeasible evaluators score the run correctly - add a regression test covering the infeasible runner path  ## Test plan - [x] `python3 -m unittest tests.test_gpt54_infeasible`,,E(regression),Low
OSWorld,442,2796,471,closed,,2026-03-27T04:44:06Z,2026-03-27T07:35:45Z,PR Merged,Refactor the code structure of the vlaa-gui to improve organization and maintainability. Remove hardcoded API keys to enhance security.,,A(security),Medium
OSWorld,442,2796,434,open,,2026-02-17T22:31:18Z,,,https://github.com/xlang-ai/OSWorld/commit/28518a825807532717354396e7b8f2e48738aed5  The AWS_ACCESS_KEY_ID and AWS_SECRET_ACCESS_KEY are publically available in run_mannual_examine.sh. I highly recommend you remove those values from a public script. You should likely recycle the secret key.  Using the provided key I can dump various AWS infrastructure from your account ``` - STS GetCallerIdentity OK: account=366177350716 arn=arn:aws:iam::366177350716:user/osworld - S3 ListBuckets OK: buckets=13 - EC2 DescribeRegions OK: regions=18 - IAM GetUser OK: username=osworld ```,Thank you. I overlooked this before and didn't check the codex operation carefully. Will handle it asap.,A(security),Medium
OSWorld,442,2796,426,closed,codex,2026-01-31T18:27:37Z,2026-01-31T18:28:20Z,PR Merged,"### Motivation - Remove a stale reference to a deleted example ID that can cause a `FileNotFoundError` when consumers load the full evaluation corpus.  ### Description - Delete `""982d12a5-beab-424f-8d38-d2a48429e511""` from the `vs_code` array in `evaluation_examples/test_all.json`.  ### Testing - Located the reference with `rg`, reloaded the edited JSON with `python -c ""import json; json.loads(open('evaluation_examples/test_all.json').read())""` which printed `ok`, and committed the change; the automated validation succeeded.  ------ [Codex Task](https://chatgpt.com/codex/tasks/task_e_697e462d30748331b02bfc62b0f04af0)",Addressed https://github.com/xlang-ai/OSWorld/issues/421,C(delete),High
OSWorld,442,2796,420,closed,,2026-01-24T10:24:58Z,2026-01-25T17:47:14Z,PR Merged,"This PR fixes several task evaluation issues by updating task configurations and evaluator functions to be more robust and accurate.  ## Summary  This PR addresses evaluation failures in 5 tasks across different application domains (document processing, web automation, OS operations, VS Code, and image processing) by:  - Adjusting similarity thresholds to accept valid format variations - Replacing brittle selectors with stable attribute-based ones - Correcting expected output formats to match actual results - Adding missing configuration expectations - Enhancing evaluator functions with better error handling  ## Changes  ### 1. APA Reference Formatting Task (2c1ebcd7-9c6d-4c9a-afad-900e381ecd5e) **Commit:** 551f259  - **Issue:** Similarity threshold (0.93/0.92) was too strict, failing valid APA format variations - **Fix:** Reduced `reference_base_result` threshold to 0.6 for both Ubuntu and Windows versions - **Rationale:** APA format allows multiple valid expressions (e.g., spacing around journal volume numbers). The new threshold maintains content accuracy while accepting reasonable formatting variants.  ### 2. TripAdvisor Hotel Search Task (b7895e80-f4d1-4648-bee0-4eb45a6f1fa8) **Commit:** f5039cb  - **Issue:** Absolute XPath paths were fragile and broke when website DOM structure changed - **Fix:** Replaced absolute XPath expressions with robust relative XPath selectors using `data-automation` and `aria-label` attributes - **Changes:**   - Check-in/check-out dates: `//button[@data-automation='checkin']//...`   - City header: `//h2[@data-automation='header_geo_title']`   - Room/guest selector: `//button[@data-automation='roomsandguests']//...`   - Price sorting: `//button[contains(@aria-label,'PRICE_LOW_TO_HIGH')]//...` - **Rationale:** Attribute-based selectors are more stable and resilient to UI updates.  ### 3. File Compression Task (37887e8c-da15-4192-923c-08fa390a176d) **Commit:** fd2d2b2  - **Issue:** Expected output format mismatch - evaluation script outputs ""SUCCESS"" (uppercase) but expected ""Success"" (capitalized) - **Fix:** Updated expected message from ""Success: ..."" to ""SUCCESS: ..."" - **Rationale:** Case-sensitive string matching in `check_include_exclude()` was failing valid submissions.  ### 4. VS Code Theme Change Task (982d12a5-beab-424f-8d38-d2a48429e511) **Commit:** ad82045  - **Issue:** VS Code automatically adds workspace trust settings to `settings.json`, but expected output only included color theme setting - **Fix:** Added three workspace trust security settings to expected configuration:   - `security.workspace.trust.enabled: false`   - `security.workspace.trust.startupPrompt: ""never""`   - `security.workspace.trust.emptyWindow: false` - **Rationale:** Ensures evaluator matches actual `settings.json` content generated during task execution.  ### 5. GIMP Character Extraction Task (e8172110-ec08-421b-a6f5-842e6451911f) **Commit:** dd37181  - **Issue:**    - Manual GIMP extraction and Python scripts produce slightly different pixel-level results   - Original evaluator failed on dimension mismatches even when content was correct   - No reference implementation provided - **Fixes:**   1. **Added reference Python implementation:** Complete example script for automated character extraction with background removal   2. **New evaluator function `check_structure_sim_with_threshold()`:**      - Customizable SSIM threshold (default 0.85, more lenient than original 0.9)      - Automatic image resizing using LANCZOS resampling when dimensions differ      - Comprehensive logging for debugging      - Better error handling for edge cases   3. **Updated task configuration:** Switched to new evaluator with threshold 0.85 - **Rationale:** Different image processing methods (anti-aliasing, edge handling) cause minor pixel differences. The new approach focuses on visual similarity rather than exact pixel matching.  ## Files Changed  - `evaluation_examples/examples/multi_apps/2c1ebcd7-9c6d-4c9a-afad-900e381ecd5e.json` - `evaluation_examples/examples_windows/multi_app/2c1ebcd7-9c6d-4c9a-afad-900e381ecd5e.json` - `evaluation_examples/examples/chrome/b7895e80-f4d1-4648-bee0-4eb45a6f1fa8.json` - `evaluation_examples/examples/os/37887e8c-da15-4192-923c-08fa390a176d.json` - `evaluation_examples/examples/vs_code/982d12a5-beab-424f-8d38-d2a48429e511.json` - `evaluation_examples/examples/multi_apps/e8172110-ec08-421b-a6f5-842e6451911f.json` - `desktop_env/evaluators/metrics/gimp.py` (new function added)  ## Testing  All changes have been validated against the refine task versions in the reference repository. The modifications ensure that: - Valid task completions are correctly identified - Evaluation is more resilient to minor variations - Expected outputs match actual runtime behavior - Evaluator functions handle edge cases gracefully  ## Impact  These fixes improve evaluation accuracy and reduce false negatives, ensuring that correctly completed tasks are properly recognized while maintaining quality standards.","LGTM, thanks for helping with this fix! All best luck!",A(security),Medium
OSWorld,442,2796,407,open,,2025-12-31T12:44:56Z,,,"Dear Authors,  Thanks for the great work. I'm running on Mac m4 pro and receiving this error:  ``` python quickstart.py --provider_name vmware --path_to_vm ""{my path}/OSWorld/vmware_vm_data/Ubuntu-arm/Ubuntu.vmx""  Starting VMware VM... Starting OSWorld environment... Starting VMware VM... Environment setup failed, retrying (1/5)... Environment setup failed, retrying (2/5)... Environment setup failed, retrying (3/5)... Environment setup failed, retrying (4/5)... Environment setup failed, retrying (5/5)... An error occurred while trying to get the screenshot: HTTPConnectionPool(host='172.16.248.128', port=5000): Max retries exceeded with url: /screenshot (Caused by NewConnectionError(""HTTPConnection(host='172.16.248.128', port=5000): Failed to establish a new connection: [Errno 65] No route to host"")) An error occurred while trying to get the screenshot: HTTPConnectionPool(host='172.16.248.128', port=5000): Max retries exceeded with url: /screenshot (Caused by NewConnectionError(""HTTPConnection(host='172.16.248.128', port=5000): Failed to establish a new connection: [Errno 65] No route to host"")) An error occurred while trying to get the screenshot: HTTPConnectionPool(host='172.16.248.128', port=5000): Max retries exceeded with url: /screenshot (Caused by NewConnectionError(""HTTPConnection(host='172.16.248.128', port=5000): Failed to establish a new connection: [Errno 65] No route to host"")) Failed to get screenshot. An error occurred while trying to get the accessibility tree: HTTPConnectionPool(host='172.16.248.128', port=5000): Max retries exceeded with url: /accessibility (Caused by NewConnectionError(""HTTPConnection(host='172.16.248.128', port=5000): Failed to establish a new connection: [Errno 65] No route to host"")) An error occurred while trying to get the accessibility tree: HTTPConnectionPool(host='172.16.248.128', port=5000): Max retries exceeded with url: /accessibility (Caused by NewConnectionError(""HTTPConnection(host='172.16.248.128', port=5000): Failed to establish a new connection: [Errno 65] No route to host"")) An error occurred while trying to get the accessibility tree: HTTPConnectionPool(host='172.16.248.128', port=5000): Max retries exceeded with url: /accessibility (Caused by NewConnectionError(""HTTPConnection(host='172.16.248.128', port=5000): Failed to establish a new connection: [Errno 65] No route to host"")) Failed to get accessibility tree. Environment reset complete! Executing action: pyautogui.rightClick() An error occurred while trying to execute the command: HTTPConnectionPool(host='172.16.248.128', port=5000): Max retries exceeded with url: /execute (Caused by NewConnectionError(""HTTPConnection(host='172.16.248.128', port=5000): Failed to establish a new connection: [Errno 65] No route to host"")) An error occurred while trying to execute the command: HTTPConnectionPool(host='172.16.248.128', port=5000): Max retries exceeded with url: /execute (Caused by NewConnectionError(""HTTPConnection(host='172.16.248.128', port=5000): Failed to establish a new connection: [Errno 65] No route to host""))```    I've been trying to fix the networking issue between Mac and VMfusion but in vain. Any suggestions?","Hey, not sure if you still need help but I solved this problem by allowing my Terminal application to ""find and communicate with devices""  on my local network (see Settings > Privacy & Security > Local Network). Had this disabled at some point and forgot about it � ",A(security),Medium
OSWorld,442,2796,390,open,,2025-12-11T04:25:12Z,,,"Hello, I am using the OSWorld Sandbox image on my own AWS account (with my own security groups). However, my local network blocks all outbound requests to non-standard ports (e.g., 5000, 9222, 8080, 5910, 8006), which prevents me from accessing most VM services exposed by the Sandbox.  Because my local network only allows outbound traffic to ports 80/443, I am considering adding a reverse proxy on port 80 inside the VM instance, mapping specific paths to the internal service ports, for example: 	•	/api/  → 127.0.0.1:5000 	•	/cdp/  → 127.0.0.1:9222 	•	/vlc/  → 127.0.0.1:8080 	•	/novnc/ → 127.0.0.1:5910 	•	/vnc/ → 127.0.0.1:8006 	•	All other paths keep the original port-80 behavior of the image.  This way, external access uses only port 80, while internal services continue running on their original ports without modifying the Sandbox.  My questions: 	1.	Would adding such reverse-proxy mappings on port 80 cause any issues with OSWorld Sandbox’s functionality? 	2.	Does the Sandbox rely on port 80 for anything important, and would adding additional location rules conflict with existing behavior? 	3.	Is there an officially recommended way to expose the multi-port services through a single standard port for use in restricted network environments?  Thank you!","Thanks for the detailed question.  1. The OSWorld Sandbox itself does **not** rely on port 80 for any internal components or critical functionality. Overriding or occupying port 80 with your own reverse proxy will not interfere with the framework’s operation, as long as the proxy simply forwards traffic and does not modify the internal services.  2. Because port 80 is not used by any core Sandbox subsystems, adding additional `location` rules or path-based mappings should not create conflicts with existing behavior. The internal services (API, CDP, VLC, noVNC, VNC) will continue to run on their original ports as expected.  3. At this time, we do **not** provide an official reverse-proxy or single-port exposure setup. Your proposed design—running a lightweight reverse proxy (e.g., Nginx) on port 80 and routing `/api/`, `/cdp/`, `/vlc/`, `/novnc/`, etc. to their respective internal ports—is a reasonable solution for restricted network environments, but it is not currently part of the official distribution.  If your network constraints require all outbound traffic to use standard ports (80/443), adding an external proxy layer is a valid approach and should work without affecting Sandbox functionality.  ",A(security),Medium
OSWorld,442,2796,373,open,,2025-11-10T10:50:36Z,,,"Hi OSWorld team,  I'm running OSWorld evaluations in the **host–client** setup on AWS, and I’d like to follow the principle of least privilege when creating an IAM user for the OSWorld host.  To improve security, I created a dedicated IAM user, for example:  - IAM user: `osworld-host-user` - No `AdministratorAccess` - No broad `iam:*` permissions - Only a small set of permissions (e.g., S3 access for datasets/logs, and optional ECR read-only if images are in ECR)  However, during some runs I occasionally see the following error:  > Failed to auto-create scheduler role 'osworld-scheduler-ec2-terminate':   > An error occurred (AccessDenied) when calling the CreateRole operation:   > User: arn:aws:iam::xxxxxxxxxxxx:user/osworld-host-user is not authorized to perform: iam:CreateRole on resource: arn:aws:iam::xxxxxxxxxxxx:role/osworld-scheduler-ec2-terminate because no identity-based policy allows the iam:CreateRole action  So it seems that OSWorld is trying to automatically create a scheduler role called `osworld-scheduler-ec2-terminate` via `iam:CreateRole`, but my host IAM user is intentionally not allowed to create IAM roles.  --- ### Current example policy I’m using  For example, here is an IAM policy I currently attach to the `osworld-host-user`:  ``` {   ""Version"": ""2012-10-17"",   ""Statement"": [     {       ""Sid"": ""EC2ControlMinimal"",       ""Effect"": ""Allow"",       ""Action"": [         ""ec2:RunInstances"",         ""ec2:Describe*"",         ""ec2:CreateTags"",         ""ec2:TerminateInstances"",         ""ec2:AssociateIamInstanceProfile"",         ""ec2:DisassociateIamInstanceProfile"",         ""ec2:DescribeIamInstanceProfileAssociations""       ],       ""Resource"": ""*"",       ""Condition"": {         ""StringEquals"": {           ""aws:RequestedRegion"": ""us-east-1""         }       }     },     {       ""Effect"": ""Allow"",       ""Action"": [         ""ecr:GetAuthorizationToken"",         ""ecr:BatchCheckLayerAvailability"",         ""ecr:GetDownloadUrlForLayer"",         ""ecr:BatchGetImage""       ],       ""Resource"": ""*""     }   ] }  ```   ---  ### My questions  1. **Do you have a recommended “minimal IAM policy” for the OSWorld host user** in the host–client setup?      - **A concrete example JSON policy** (or a list of required actions/services) would be very helpful.  2. **Is `iam:CreateRole` actually required for normal OSWorld evaluation runs, or only for optional auto-termination/scheduler features?**      - If `iam:CreateRole` / `iam:PassRole` is required, could you clarify:      - The expected role name(s) (e.g. `osworld-scheduler-ec2-terminate`),      - The desired trust policy (which service should assume the role),      - And the minimal permissions that role itself should have (e.g. `ec2:TerminateInstances` with certain tags)?    - Is it possible to **pre-create this role manually** with an admin account so that the host user does *not* need `iam:CreateRole`?  3. **If the scheduler role is optional** (e.g., only for auto-shutdown of EC2 instances),      - Is there a configuration flag or environment variable to **disable the auto-create-scheduler-role behavior**, so that the host IAM user only needs S3/ECR (and maybe read-only EC2/SSM) permissions?  --- Any guidance on a minimal, security-friendly IAM policy for the host user would be greatly appreciated. It would also be great if this could be added to the documentation for people running OSWorld on AWS with least-privilege IAM settings.  Thanks!","Hi @mengsong16,  Thanks for the detailed report — this is a great question.  The `osworld-scheduler-ec2-terminate` role is used internally by OSWorld to control the **time-to-live (TTL)** of client EC2 machines, mainly to **automatically shut down idle or expired clients** and avoid unnecessary compute costs.  So yes — the `iam:CreateRole` and `iam:PassRole` permissions are only required if you want OSWorld to **auto-create and use this scheduler role** for EC2 termination. If your host IAM user does not have these permissions, the system simply won’t be able to create or attach that role automatically — but **this will not affect normal evaluation runs**.  If you prefer to stay fully least-privilege:  * You can safely **ignore the AccessDenied warning**; it only affects the auto-shutdown helper. * Alternatively, you can **manually pre-create** the `osworld-scheduler-ec2-terminate` role (trusted by `ec2.amazonaws.com` and granting `ec2:TerminateInstances` on tagged instances) if you’d like the TTL control to work. * There’s currently no explicit flag to disable the “auto-create scheduler role” behavior, but we plan to add one in the next update for stricter IAM environments.  In short — it’s safe to proceed without `iam:CreateRole`; the scheduler is optional and only used for automatic EC2 cleanup.  Thanks again for highlighting this — we’ll clarify it in the documentation soon.  Best, Tianbao OSWorld Team  | @Timothyxxx, thanks for the quick clarification! This is really helpful!",A(security),Medium
OSWorld,442,2796,341,open,,2025-09-23T04:55:48Z,,," Google Cloud access blocked  Effective September 16, 2025, Google Cloud has begun to enforce 2-step verification (2SV), also called multi-factor authentication (MFA). Go to your security settings to turn on 2-step verification. ","This isn’t a code bug, it’s an account / access policy issue: | Hi, have you found a solution other than skipping these tasks?  > Google Cloud access blocked >  > Effective September 16, 2025, Google Cloud has begun to enforce 2-step verification (2SV), also called multi-factor authentication (MFA). Go to your security settings to turn on 2-step verification.  ",A(security),Medium
OSWorld,442,2796,298,open,,2025-08-05T19:14:16Z,,,"Hi,   I created 2 VMs and ran two separate scripts with two different models simultaneously, but after a while, my VMs get stuck and it seems the webservers become inaccessible. For example, I can't send a simple post request to upload a file on the VMs. I also notice some services like Microsoft Teams get unresponsive (lose connectivity) so I need to restart the computer.   Even when I have only 1 VM, say after 2 hours of running, I run into the same issue that the VM gets unresponsive. If I just end the process and rerun the code, the a11y tree retrieval gets super slow! So I think some kind of corrupted states remain. The only solution has been to completely delete Ubuntu0 and recreate the VM files.   With 2 VMs, I run  into the issue much faster; so probably more requests and compute is messing with something. Do you have any intuitions or prior experience on this?",,C(delete),High
OSWorld,442,2796,284,closed,,2025-07-24T06:06:10Z,2025-07-24T08:27:18Z,PR Merged,,,C(delete),High
OSWorld,442,2796,277,closed,,2025-07-22T11:33:15Z,2025-07-22T20:09:36Z,PR Merged,This PR adds support for flexible provider selection and resolves Docker provider initialization issues.  ## Changes - Add `--provider_name` command-line argument to run.py (defaults to vmware for backward compatibility) - Fix Docker provider controller initialization with delayed setup pattern - Add safety checks for controller existence in error handling  ## Benefits - Users can now specify different virtualization providers directly from command line - Resolves `AttributeError: 'DesktopEnv' object has no attribute 'setup_controller'` for Docker provider - Maintains full backward compatibility with existing workflows  ## Testing - Verified with VMware provider (default behavior unchanged) - Tested Docker provider initialization and lifecycle - Confirmed error handling improvements,"Yes indeed, thanks for your contribution!",A(safety),Medium
OSWorld,442,2796,241,open,,2025-07-07T17:30:35Z,,,"Hi, congrats on this great project!  After running multiple examples smoothly, I notice the operations such as getting the a11y tree and logging get super slow. For the same task, the a11y tree that would take <15s, now takes up to 80s. Looking at the logs, I also see sometimes it ha trouble communicating with the VM like connection errors, etc.  I have tried different solutions like deleting the VM logs and app data, restarting the system, etc. But the only solution that has worked is to fully delete Ubuntu0 and recreate the vm and the snapshot using the main.py script.  I'd really appreciate if you could share any insights or even relevant experience on this matter.  Thanks so much!","I noticed even the end_recording operation gets super slow as well sometimes taking 6 minutes! | Hi thanks for your question!  Personally I didn't encounter this problem before, and I highly suspect the problem was introduced by some latest updates where we focus more on platforms like docker and aws cloud services. We are preparing for a big public evaluation update and will launch it very soon. Later I will have a look about why this happen. Would you mind join our [Discord channel](https://discord.gg/4Gnw7eTEZR)? We can have quicker communication over there.  | Thank you so much for your response! Also thanks for suggesting the discord channel. I also had another observation that once the tasks starts, for 2,3 minutes the VM is connected to the internet, but at some point the internet no longer works. Have you had this problem before?",C(delete),High
OSWorld,442,2796,217,closed,,2025-06-16T09:55:00Z,2025-06-16T13:37:19Z,PR Merged,"# Summary of Improvements  ## 1. **Blocking File Open Logic** - **Changed the `open_file` function from a non-blocking, “fire-and-forget” action into a synchronous, blocking operation.**   - The server now waits for the target application/window to actually open and become active before returning success.   - This prevents race conditions where subsequent actions would fail because the application was not ready.   - Improved reliability for slow-starting applications (e.g., LibreOffice, Chrome) on cloud/AMI images.  ## 2. **Robust and Secure Evaluation Functions** - **Reimplemented and enhanced several evaluation functions for stricter and more flexible grading:**   - `compare_unique_train_records`:       - Accepts both the gold standard and the original file as input (via multi-file `expected` and `gives` in JSON).     - Ensures the result is a true subset of the original, with no fabricated or tampered lines.     - Checks for deduplication, correct train_id set, and line count.   - `compare_docx_images`, `compare_docx_lines`, `compare_docx_tables`, etc.:     - Improved to handle edge cases, whitespace, and more flexible content comparison.     - Added smarter sentence split/blank line checks for paragraph tasks.     - Added semantic table checks and postconfig script fixes for table conversion tasks.  ## 3. **Evaluation Framework & JSON Configuration Enhancements** - **Leveraged the framework’s multi-file support:**   - Used `multi: true` and `gives: [0, 1]` in JSON to pass multiple files to evaluation functions.   - No need to modify core framework code or merge files manually. - **Bugfix:**     - Identified that `get_cloud_file` only returns the first file by default; fixed by specifying `gives` in JSON.  ## 4. **Grader Sensitivity & Real-World Task Handling** - **Improved grader sensitivity and strictness for file/content comparison:**   - PDF export tasks now tolerate font subset/metadata differences.   - DOCX line and table comparison tasks now handle more real-world variations and gold file alternatives.   - “Infeasible” tasks are now clearly marked and handled. - **Evaluator data and gold files updated/fixed for edge cases and ambiguity.**  ## 5. **Clipboard and Screenshot Handling** - **Clipboard image paste (`ctrl+v`) and screenshot copy tasks reviewed:**   - Identified issues with model bypassing the correct interface (e.g., pasting images).   - Documented model/VM timing issues and provided suggestions for AMI/system image optimization.  ## 6. **Debugging and Logging** - Added debug logging to evaluation functions to quickly diagnose parameter passing and framework integration issues.  ---  ## **Task-Specific Notes & Fixes**  - **PDF Export:**     - Improved grader to tolerate font subset/metadata differences.   - Fixed gold filename handling and allowed for multiple possible storage locations. - **Screenshot Copy/Paste:**     - Investigated clipboard image paste issues; noted possible side effects of Chinese input or model behavior. - **Train Record Deduplication:**     - Implemented `compare_unique_train_records` for strict deduplication and anti-tampering. - **Sentence Split/Blank Line:**     - Improved blank line and sentence split logic; fixed gold file for edge cases. - **Table Conversion:**     - Enhanced table comparison and allowed for multiple gold file variants. - **Infeasible Tasks:**     - Marked and pruned tasks that are not feasible or out of scope.  ---  **This PR makes the evaluation process more robust, secure, and extensible, while fully leveraging the framework’s multi-file capabilities and improving real-world grading accuracy.**",,A(secure),Medium
OSWorld,442,2796,212,closed,,2025-06-10T04:11:12Z,2025-06-10T13:44:18Z,PR Merged,"## AWS OSWorld Deployment and Evaluation Enhancement  ### �️ **Phase 1: AWS Infrastructure Setup** - **EC2 Instance Configuration**: Select appropriate instance types (CPU, RAM, storage for OSWorld multi-VM requirements) - **Network Security Setup**: Configure security groups, VPC, gateways for SSH and VM communication ports - **Environment Deployment**: Clone OSWorld repository, configure AWS credentials and provider settings - **AMI Creation**: Save configured AMI for future reuse  ### � **Phase 2: Agent Integration (Optional)** - **Interface Understanding**: Study OSWorld agent architecture and `mm_agents` module requirements - **CUA Integration**: Integrate Anthropic CUA and OpenAI CUA from `computer-agent-arena-hub` - **Function Verification**: Write test scripts to validate basic agent functionality - **Code Contribution**: Submit PRs to OSWorld repository  ### ⚡ **Phase 3: AWS Evaluation Execution** - **Configuration Verification**: Ensure OSWorld is correctly configured for AWS provider - **Critical Considerations**:   - ⚠️ **Network Configuration**: Carefully verify security groups, gateways, VPC settings   - ⚠️ **Resolution Upgrade**: Contact millank0817@gmail.com to upgrade AMI resolution from 720p to 1080p - **Progressive Testing**:    - Small-scale testing (single agent, limited tasks)   - Monitor VM creation, agent communication, task execution   - Troubleshooting and code fixes - **Full Evaluation**: Ensure all 369 tasks complete with reasonable time estimation - **Parallel Verification**: Validate multi-VM parallel management and result collection  ### � **Additional Enhancements**  #### **1. Google Drive Integration** - Improve Google Drive authentication and file operations - Enhance error handling for Drive API rate limits - Optimize file upload/download performance for evaluation tasks  #### **2. IP Proxy Support** - Implement IP proxy configuration for network requests - Add proxy rotation capabilities for large-scale evaluations - Ensure proxy compatibility with AWS networking  #### **3. Agent Message End Logic** - Refine agent conversation termination detection - Implement robust message completion validation - Add configurable timeout and retry mechanisms  #### **4. Dashboard Improvements** - Enhanced real-time monitoring for multi-environment execution - Better visualization of task progress and success rates - Improved error reporting and logging interface - AWS resource utilization tracking  #### **5. Fix Known Bugs** - Fix broken huggingface file links - Fix some tasks (Will fix more in coming weeks)",bugbot run  | <h3>� BugBot couldn't run</h3>  Pull requests from forked repositories are not yet supported (requestId: serverGenReqId_f3c58e4c-5be4-4e74-add6-4e0cfa61f9ca).   | add public evaluation readme,A(security),Medium
OSWorld,442,2796,211,open,,2025-06-09T16:49:56Z,,,"**Issue Description** Some EC2 instances become completely unresponsive after launch, even though AWS console shows the instance status as running normally. While the instance appears to be healthy and has a valid IP address, it cannot be accessed via SSH or any other means.  **Expected Behavior** - EC2 instance should be accessible after launch - Should be able to establish SSH connection - Services should start normally  **Current Behavior** - Instance status shows as ""running"" in AWS console - IP address is assigned correctly - Instance is completely unresponsive - Cannot establish SSH connection - Unable to start subsequent services  **Technical Details** - AWS Provider - Instance status checks pass - IP allocation is successful - Network ACLs and Security Groups are properly configured  **Impact** - Unable to proceed with service deployment - Instance becomes unusable - Requires termination and relaunch of new instance  **Steps to Reproduce** 1. Launch EC2 instance with specific AMI 2. Wait for instance to show ""running"" status 3. Attempt to connect via SSH 4. Observe complete unresponsiveness  **Additional Notes** This appears to be an intermittent issue affecting some AMIs. The instance shows all normal indicators of health in AWS console but is effectively dead and unreachable.  **Questions** - Is this related to specific AMIs? - Could there be an issue with instance initialization scripts? - Are there any known AWS infrastructure issues that could cause this?  **Environment** - AWS Region: us-east-1 - Instance Type: t3.medium - AMI ID: ami-00509b93f2216f419 ",,A(security),Medium
OSWorld,442,2796,207,closed,,2025-06-05T04:37:40Z,2025-06-10T13:44:20Z,PR Merged,"## AWS OSWorld Deployment and Evaluation Enhancement  ### �️ **Phase 1: AWS Infrastructure Setup** - **EC2 Instance Configuration**: Select appropriate instance types (CPU, RAM, storage for OSWorld multi-VM requirements) - **Network Security Setup**: Configure security groups, VPC, gateways for SSH and VM communication ports - **Environment Deployment**: Clone OSWorld repository, configure AWS credentials and provider settings - **AMI Creation**: Save configured AMI for future reuse  ### � **Phase 2: Agent Integration (Optional)** - **Interface Understanding**: Study OSWorld agent architecture and `mm_agents` module requirements - **CUA Integration**: Integrate Anthropic CUA and OpenAI CUA from `computer-agent-arena-hub` - **Function Verification**: Write test scripts to validate basic agent functionality - **Code Contribution**: Submit PRs to OSWorld repository  ### ⚡ **Phase 3: AWS Evaluation Execution** - **Configuration Verification**: Ensure OSWorld is correctly configured for AWS provider - **Critical Considerations**:   - ⚠️ **Network Configuration**: Carefully verify security groups, gateways, VPC settings   - ⚠️ **Resolution Upgrade**: Contact millank0817@gmail.com to upgrade AMI resolution from 720p to 1080p - **Progressive Testing**:    - Small-scale testing (single agent, limited tasks)   - Monitor VM creation, agent communication, task execution   - Troubleshooting and code fixes - **Full Evaluation**: Ensure all 369 tasks complete with reasonable time estimation - **Parallel Verification**: Validate multi-VM parallel management and result collection  ### � **Additional Enhancements**  #### **1. Google Drive Integration** - Improve Google Drive authentication and file operations - Enhance error handling for Drive API rate limits - Optimize file upload/download performance for evaluation tasks  #### **2. IP Proxy Support** - Implement IP proxy configuration for network requests - Add proxy rotation capabilities for large-scale evaluations - Ensure proxy compatibility with AWS networking  #### **3. Agent Message End Logic** - Refine agent conversation termination detection - Implement robust message completion validation - Add configurable timeout and retry mechanisms  #### **4. Dashboard Improvements** - Enhanced real-time monitoring for multi-environment execution - Better visualization of task progress and success rates - Improved error reporting and logging interface - AWS resource utilization tracking  ### � **Expected Deliverables** - Stable AWS OSWorld deployment solution - Fully functional agent integrations - Multiple OSWorld repository PRs (fixes and improvements) - Complete 369-task evaluation results - Enhanced monitoring and debugging capabilities ",bugbot run ,A(security),Medium
OSWorld,442,2796,196,closed,,2025-05-22T02:56:58Z,2025-05-22T03:04:22Z,PR Merged,## Description Adds Azure OpenAI API support with: - New environment variables configuration - Automatic endpoint construction - Backward compatibility with standard OpenAI API  ## Configuration Changes - Added `.env.example` template - Requires `python-dotenv` package  ## Security - All sensitive credentials are environment-based - `.env` excluded from version control,add azure_gpt_4o | feat: add Azure-GPT API support  - Add AZURE_OPENAI_API_BASE/DEPLOYMENT/API_VERSION env configs - Implement Azure-GPT client with fallback to OpenAI,A(security),Medium
OSWorld,442,2796,186,open,,2025-05-02T16:41:34Z,,,"  **Description:**  In the current configuration of the VLC task's `settings`, the `launch` parameters are defined as follows:  ```json {   ""type"": ""launch"",   ""parameters"": {     ""command"": ""VLC_VERBOSE=-1 vlc""   } } ```  This configuration results in the following error during execution:  ```json {   ""message"": ""[Errno 2] No such file or directory: 'VLC_VERBOSE=-1'"",   ""status"": ""error"" } ```  The command is being interpreted as an attempt to execute a file named `VLC_VERBOSE=-1`, which leads to the error.  **Example Task:** `vlc/59f21cfb-0120-4326-b255-a5b827b38967`","I added `VLC_VERBOSE=-1` to avoid the vlc to actually play sounds, in case that bother you or causing errror when there are no hardware for playing sounds. If it cause errror, delete this part on your side will work.",C(delete),High
OSWorld,442,2796,182,closed,,2025-04-22T08:44:13Z,2025-04-28T03:05:23Z,,"### content 4-hour Delay Between Screenshot Capture and Accessibility Tree Retrieval 1. logs ``` [1;33m[2025-04-22 08:49:22,631 [31mINFO [32mpython/32-MainProcess[1;33m] [0mGot screenshot successfully [1;33m[2025-04-22 12:32:46,972 [31mINFO [32mpython/54-MainProcess[1;33m] [0mGot accessibility tree successfully  [1;33m[2025-04-22 12:32:57,372 [31mINFO [32mpython/32-MainProcess[1;33m] [0mGot screenshot successfully [1;33m[2025-04-22 16:05:42,901 [31mINFO [32mpython/54-MainProcess[1;33m] [0mGot accessibility tree successfully ``` At the same time, using: ```curl http://localhost:5000/accessibility | python -m json.tool``` is OK. 2. info - cpu ``` top - 16:39:06 up 3 days, 21:45,  2 users,  load average: 0.92, 1.14, 1.16 Tasks: 754 total,   1 running, 390 sleeping,   0 stopped,   2 zombie %Cpu(s):  0.2 us,  1.3 sy,  0.0 ni, 98.4 id,  0.0 wa,  0.0 hi,  0.0 si,  0.0 st KiB Mem : 19686347+total, 12029414+free,  9695596 used, 66873724 buff/cache KiB Swap: 33554428 total, 33554428 free,        0 used. 18485864+avail Mem     PID USER      PR  NI    VIRT    RES    SHR S  %CPU %MEM     TIME+ COMMAND                                                                                        1424 root      39  19       0      0      0 S  73.1  0.0 139:12.64 kipmi0                                                                                        62859 root      20   0 7153376 3.454g  24708 S   6.3  1.8   1:13.11 qemu                                                                                          15665 root      20   0 2467380  40040  11204 S   1.0  0.0  21:34.62 falcon-agent                                                                                  15860 root      20   0  721908  32232   5880 S   1.0  0.0  35:12.87 dw_1007                                                                                       15865 root      20   0  722748  19260   5812 S   1.0  0.0  11:30.77 dw_1003                                                                                       35487 root      20   0 6869180 2.880g  24496 S   1.0  1.5  16:42.49 qemu                                                                                          15870 root      20   0  719156  22392   5816 S   0.7  0.0  23:20.46 dw_1002   ``` - mem ```               total        used        free      shared  buff/cache   available Mem:           187G        9.3G        114G         36M         63G        176G Swap:           31G          0B         31G ``` - hard ``` Filesystem      Size  Used Avail Use% Mounted on devtmpfs         94G     0   94G   0% /dev tmpfs            94G  4.0K   94G   1% /dev/shm tmpfs            94G   34M   94G   1% /run tmpfs            94G     0   94G   0% /sys/fs/cgroup /dev/sda2       100G   19G   82G  19% / /dev/nvme0n1p1  2.9T   50G  2.7T   2% /opt overlay         2.9T   50G  2.7T   2% /opt/docker/volumes/overlay2/0204fa7a753832c00b957c4c6067fde00dad25eb4d514a916a0d837c563ff4cd/merged shm              64M   20K   64M   1% /opt/docker/volumes/containers/0407ee7e8657f7f500223f880daba8aae6131d2e02b08204dc195074a033a8c8/mounts/shm overlay         2.9T   50G  2.7T   2% /opt/docker/volumes/overlay2/2e7f211b4bf38ee063a53e006e9f0fbad459cba7f209934f6ca176d2174bc998/merged shm              64M   20K   64M   1% /opt/docker/volumes/containers/8d8aa95ef9bc728aad4c7b644d3bffeb5d916efa9c8736dd7b791b2b6b0bbf13/mounts/shm ``` - docker ``` Containers: 5  Running: 2  Paused: 0  Stopped: 3 Images: 1 Server Version: 18.06.1-ce Storage Driver: overlay2  Backing Filesystem: extfs  Supports d_type: true  Native Overlay Diff: true Logging Driver: json-file Cgroup Driver: cgroupfs Plugins:  Volume: local  Network: bridge host macvlan null overlay  Log: awslogs fluentd gcplogs gelf journald json-file logentries splunk syslog Swarm: inactive Runtimes: runc Default Runtime: runc Init Binary: docker-init init version: fec3683 Security Options:  seccomp   Profile: default Kernel Version: 4.18.0-147.mt20221104.486.el8_1.x86_64 Operating System: CentOS Linux 7 (Core) OSType: linux Architecture: x86_64 CPUs: 64 Total Memory: 187.7GiB Docker Root Dir: /opt/docker/volumes Debug Mode (client): false Debug Mode (server): false Registry: https://index.docker.io/v1/ Labels: Experimental: false Insecure Registries:  production.cloudflare.docker.com  127.0.0.0/8 Live Restore Enabled: false ``` - centos ``` CentOS Linux release 7.1.1503 (Core) ``` ### how to close Please fix this issue, or provide possible solutions to move forward.","case id: a9f325aa-8c05-4e4f-8341-9e4358565f4f | nohup python run.py \     --path_to_vm docker_vm_data/Ubuntu.qcow2 \     --headless \     --observation_type som \     --model gpt-4o \     --result_dir ./results \     --max_trajectory_length 3 > x.log 2>&1 & | Sorry cannnot reproduce your error... I guess for calc the a11y tree handling is problematic sometimes, so there are too many cells to extract which takes time. | > Sorry cannnot reproduce your error... I guess for calc the a11y tree handling is problematic sometimes, so there are too many cells to extract which takes time.  是的，环境不同估计不太好重现，a11y内容再多，也不会花费4个小时。 我尝试做了修复，加了超时参数，50秒 正在som中做全量数据的测试 | Even after adding a timeout parameter, it still gets stuck and doesn't move. This is a very strange issue. Is there any way to expose more details? | Restarting the computer resolves this issue; therefore, this issue will be closed. | Hi, I also tried restarting the computer but still it takes too long to get the a11 tree. ",A(security),Medium
OSWorld,442,2796,180,open,,2025-04-20T15:12:19Z,,,"Hey, thank you for your great work!  I'm experiencing an issue while trying to run your model from my Mac using VMWare Fusion. When executing the example quick start code from your readme (and in general), the code initially outputs that it has started the VM machine, and a VMWare window opens, but then nothing happens. The window remains inactive without displaying any content or progress. After some time, the call from my machine closes automatically without any additional output or error messages. Could you please provide some guidance on how to troubleshoot this issue or what might be causing the VM to stall?  Thanks in advance, Noga","Hmm, it's weird, personally I didn't track VMware provider for a long time, maybe someone else can help here. | I think that it can be a case of issue about the broken cache. How about trying it after delete these files  1. vmware_vm_data 2. .vmware_lck 3. .vmware_vms",C(delete),High
OSWorld,442,2796,168,open,,2025-04-04T17:44:17Z,,,"I tried to run the code given in md and after downloading a 10.6GB file the following error occurs.  C:\Users\yaoyu\OSWorld>python example.py C:\Users\yaoyu\AppData\Roaming\Python\Python311\site-packages\pandas\core\arrays\masked.py:60: UserWarning: Pandas requires version '1.3.6' or newer of 'bottleneck' (version '1.3.5' currently installed).   from pandas.core import ( C:\ProgramData\anaconda3\Lib\site-packages\paramiko\transport.py:219: CryptographyDeprecationWarning: Blowfish has been deprecated   ""class"": algorithms.Blowfish, Traceback (most recent call last):   File ""C:\Users\yaoyu\OSWorld\example.py"", line 44, in <module>     obs = env.reset(task_config=example)           ^^^^^^^^^^^^^^^^^^^^^^^^^^^^^^   File ""C:\Users\yaoyu\OSWorld\desktop_env\desktop_env.py"", line 143, in reset     self._start_emulator()   File ""C:\Users\yaoyu\OSWorld\desktop_env\desktop_env.py"", line 99, in _start_emulator     self.provider.start_emulator(self.path_to_vm, self.headless, self.os_type)   File ""C:\Users\yaoyu\OSWorld\desktop_env\providers\docker\provider.py"", line 134, in start_emulator     raise e   File ""C:\Users\yaoyu\OSWorld\desktop_env\providers\docker\provider.py"", line 124, in start_emulator     self._wait_for_vm_ready()   File ""C:\Users\yaoyu\OSWorld\desktop_env\providers\docker\provider.py"", line 85, in _wait_for_vm_ready     raise TimeoutError(""VM failed to become ready within timeout period"") TimeoutError: VM failed to become ready within timeout period  Also in the run.py example, I noticed that one of the VM paths is ubuntu.vmx, but there is actually no such folder or file, I changed it to my own vmware installation of ubuntu but got an error about not being able to find the IP! ","Hi, since you are using VMware to run it, could you try to open the VM file mannualy through VMware interface? Then let's dig into why it cannot be opened through code. | I was using docker on Linux, and I got 403 error code from the docker container when running the test script in quick start guide. Can you please help? Below is the logs from docker container: ❯ Starting QEMU for Docker v0.0... ❯ For support visit https://github.com/qemus/qemu-docker ❯ CPU: Intel Xeon Gold 6252N CPU | RAM: 362/377 GB | DISK: 200 GB (ext4) | HOST: 4.18.0-513.11.1.el8_9.x86_64...  Formatting '/boot.qcow2', fmt=qcow2 cluster_size=65536 extended_l2=off compression_type=zlib size=53687091200 backing_file=/System.qcow2 backing_fmt=qcow2 l$ zy_refcounts=off refcount_bits=16 ❯ Creating a 32G growable disk image in raw format... iptables v1.8.10 (legacy): can't initialize iptables table `nat': Table does not exist (do you need to insmod?) Perhaps iptables or your kernel needs to be upgraded. ❯ ERROR: The 'ip_tables' kernel module is not loaded. Try this command: sudo modprobe ip_tables iptable_nat ❯ Warning: falling back to usermode networking! Performance will be bad and port forwarding will not work. ❯ Booting image using QEMU v9.1.0... WARNING: Image format was not specified for '/storage/uefi.rom' and probing guessed raw.          Automatically detecting the format is dangerous for raw images, write operations on block 0 will be restricted.          Specify the 'raw' format explicitly to remove the restrictions. BdsDxe: loading Boot0007 ""ubuntu"" from HD(2,GPT,58F534E5-6D50-4139-9981-DF9EC54B73F4,0x1000,0x100800)/\EFI\ubuntu\shimx64.efi BdsDxe: starting Boot0007 ""ubuntu"" from HD(2,GPT,58F534E5-6D50-4139-9981-DF9EC54B73F4,0x1000,0x100800)/\EFI\ubuntu\shimx64.efi ",A(dangerous),Medium
OSWorld,442,2796,125,closed,,2025-02-04T02:29:40Z,2025-02-05T02:52:00Z,PR Merged,"Among the changes in #121 is an update to `contains_page_break`. Unfortunately, this change introduced a bug. This code https://github.com/xlang-ai/OSWorld/blob/983283a86a03963510c35ef117fcdfa943d8633f/desktop_env/evaluators/metrics/docs.py#L73  induces a `referenced before assignment` error.  Simply adding ```python page_break_count = 0 ```  above the `for` loops should fix it.",Thanks for the contribution!,E(regression),Low
OSWorld,442,2796,111,open,,2024-12-01T14:19:50Z,,,Thanks for your awesome work！  Is there any plan or idea to provide the apptainer server as a desktop environment?,"Hi!  What is the `apptainer server` you referred?  Best, Tianbao | Same demand here! About apptainer: https://apptainer.org/  | Any followup about the apptainer / singularity? We would be very appreciated if this could be added because most university HPC headless cluster doesn't have docker because of security concerns.",A(security),Medium
OSWorld,442,2796,56,open,,2024-07-15T18:01:45Z,,,"Folks,     One of our users lauched 9 aws instances in us-east-1 and all 9 instances started lauching SSH brute force attacks on other servers. You may want to check your AMI and recent commits.   Good Luck  Examples of traffic ``` Jul 13 14:19:18 web sshd[31826]: pam_unix(sshd:auth): authentication failure; logname= uid=0 euid=0 tty=ssh ruser= rhost=[ec2-54-198-244-137.compute-1.amazonaws.com](http://ec2-54-198-244-137.compute-1.amazonaws.com/) user=root Jul 13 14:19:20 web sshd[31826]: Failed password for root from 54.198.244.137 port 54696 ssh2 Jul 13 14:19:20 web sshd[31826]: Connection closed by 54.198.244.137 port 54696 [preauth] Jul 13 14:19:21 web sshd[31831]: pam_unix(sshd:auth): authentication failure; logname= uid=0 euid=0 tty=ssh ruser= rhost=[ec2-54-198-244-137.compute-1.amazonaws.com](http://ec2-54-198-244-137.compute-1.amazonaws.com/) user=root Jul 13 14:19:22 web sshd[31831]: Failed password for root from 54.198.244.137 port 54708 ssh2 Jul 13 14:19:22 web sshd[31831]: Connection closed by 54.198.244.137 port 54708 [preauth] Jul 13 14:19:24 web sshd[31833]: pam_unix(sshd:auth): authentication failure; logname= uid=0 euid=0 tty=ssh ruser= rhost=[ec2-54-198-244-137.compute-1.amazonaws.com](http://ec2-54-198-244-137.compute-1.amazonaws.com/) user=root ``` ","Just an update, these may be the 9 instances trying to ssh into each other, we have limited data from AWS, but it appears that one of the places it was detected was on another of the launched instances. It is possible that this something that you are doing (attempting to ssh as root? between machines) that AWS is detecting and labeling as abusive..  | Hi,  Thanks for your note! I apologize for any confusion. Actually, we didn't set up SSH connections inside the created VMs. For security purposes, we highly recommend setting up a private VPC and security group to block any suspicious connections. Unfortunately, we don't currently have documentation on this.  Best regards, Tianbao",A(security),Medium
OSWorld,442,2796,53,open,,2024-07-05T09:17:58Z,,,"I have successfully installed the vmware workstation pro 17.5.1 on windows and accurately equipped the environment required in the requirements.txt, then I tried to run through the quick start code you mentioned in the repo.  Then I got the error, requests.exceptions.SSLError: HTTPSConnectionPool(host='huggingface.co', port=443): Max retries exceeded with url: /datasets/xlangai/ubuntu_x86/resolve/main/Ubuntu.zip (Caused by SSLError(SSLEOFError(8, 'EOF occurred in violation of protocol (_ssl.c:1129)')))  After debugging, I found this error raised when the process trying to allocate a new virtual machine.(The get_vm_path() function of VMWareVMManager, more accurately, is when calling requests.get(url, headers=headers, stream=True) in the _install_vm() function). I suppose is that my network is blocked in China, even if with the VPN.   I tried to set up a Ubuntu virtual machine in VMware and then use its .vmx file as the ""path_to_vm"". But it still not work with the error ""UnicodeDecodeError: 'utf-8' codec can't decode byte 0xb2 in position 8: invalid start byte"".  I don't know what is the true error and points to fix. Could you tell me how to use self-constructed virtual machine to run tests, or use an alternative method to avoid the network error?","Thanks for the question!  Yes, it just came to me that huggingface is banned in mainland China... The easiest way is to use a VPN, or download the virtual machine image we provided [here](https://github.com/xlang-ai/OSWorld/blob/b4bbe4a3b61752879bcd31338e871aa35a5c5b54/desktop_env/providers/vmware/manager.py#L27) and store in Modelscope or something online. It is highly recommended you go through our [code for downloading and configuration](https://github.com/xlang-ai/OSWorld/blob/b4bbe4a3b61752879bcd31338e871aa35a5c5b54/desktop_env/providers/vmware/manager.py) to understand what we are doing. In short, during the installation process of OSWorld, it involves downloading (a zip file), unzipping, renaming, starting the machine, and then taking a snapshot (which we name `init_state`) after the startup.   For your own setup, could you provide which line of code raises this error for us to locate the error?  Best, Tianbao | Sure, the environment set up function is called as""env = DesktopEnv(action_space=""pyautogui"", path_to_vm=""D:\\Pro_Gram\\imaginary\\Ubuntutest.vmx"")"", which means ""path_to_vm"" is the path of  my own virtual machine. Then the error raises at ""self._start_emulator() -> self.provider.start_emulator(self.path_to_vm, self.headless) -> output = subprocess.check_output(f""vmrun {get_vmrun_type()} list"", shell=True, stderr=subprocess.STDOUT)"" It seems that the decoding of ""vm -T ws list"" have some problems. Error Message:""subprocess.CalledProcessError: Command 'vmrun -T ws list' returned non-zero exit status 1. ![image](https://github.com/xlang-ai/OSWorld/assets/140282198/e9b35081-7bc9-4278-a051-097495ad1ef8) ""  | Yes, I met this error before, could you please try to manually run the `vmrun -T ws list` and see the output? | ![image](https://github.com/xlang-ai/OSWorld/assets/140282198/8cafc695-8fc4-4411-bdd3-5766c36a1718) This is what i got from running `vmrun -T ws list` in the VMware installation catalogue. Should I run this in OSworld catalogue? This is what I get:  ![image](https://github.com/xlang-ai/OSWorld/assets/140282198/93c8923a-4007-4411-a508-7872426c3ef1) But I have add the vmware/bin to the system path. | Pardon me, should I install VMware in OSworld catalogue?  | (Updated) I have downloaded the Ubuntu.zip from the huggingface, and when I debugging the quickstart code of your demo, I found that after unzip and renaming the machine, I got problem in the starting machine process, the exact line of the code is in the picuture, the error is raised as the wrong and inability to execute the 'vmrun' command. How could I fix it?  ![image](https://github.com/xlang-ai/OSWorld/assets/140282198/1d235e05-5fde-49f3-ab1a-4783d108b7f3)   | Thanks for your sincere help, I suppose I find the source of the error. **After installing VMware station pro on Windows system, we should also add the whole VMware catalogue into our environmental variant**s, rather than solely add VMware/bin, which is chose by the installation process by default. In this case can we execute the `vmrun` commands smoothly, otherwise the error mentioned above will be raised.  Hope you can add some tips in the README file..... | Great!! I am so glad it works for you, yes I will add what you recommended to the README to make it more comprehensive, thanks!",A(violation),Medium
